{"cameraMode":{"drawMode":0,"name":"Shaded","section":"Shading Mode"},"sceneLighting":true,"audioPlay":false,"sceneViewState":{"showFog":true,"showMaterialUpdate":true,"showSkybox":true,"showFlares":true,"showImageEffects":true,"showParticleSystems":true},"in2DMode":false,"pivot":{"x":0.681136965751648,"y":9.486233711242676,"z":0.756592869758606},"rotation":{"x":0.2484932690858841,"y":0.38457047939300539,"z":-0.10829704999923706,"w":0.8824041485786438},"size":3.8321855068206789,"orthographic":false}